{
	"pattrstorage" : 	{
		"name" : "underworld-presets",
		"slots" : 		{
			"1" : 			{
				"id" : 1,
				"data" : 				{
					"live.button[2]" : [  ],
					"yShift" : [ 0.5, 0.5, 0.5, 0.5, 0.5, 0.5, 0.5, 0.5, 0.5, 0.5, 0.5, 0.5, 0.5, 0.5, 0.5, 0.5, 0.5, 0.5, 0.5, 0.5, 0.5, 0.5, 0.5, 0.5, 0.5, 0.5, 0.5, 0.5, 0.5, 0.5, 0.5, 0.5, 0.5, 0.5, 0.5, 0.5, 0.5, 0.5, 0.5, 0.5, 0.5, 0.5, 0.5, 0.5, 0.5, 0.5, 0.5, 0.5, 0.5, 0.5, 0.5, 0.5, 0.5, 0.5, 0.5, 0.5, 0.5, 0.5, 0.5, 0.5, 0.5, 0.5, 0.5, 0.5 ]
				}

			}
,
			"2" : 			{
				"id" : 2,
				"data" : 				{
					"live.button[2]" : [ 0.0 ],
					"yShift" : [ 0.02702702768147, 0.081081077456474, 0.081081077456474, 0.081081077456474, 0.090090088546276, 0.099099099636078, 0.099099099636078, 0.117117114365101, 0.135135129094124, 0.144144147634506, 0.153153151273727, 0.180180177092552, 0.198198199272156, 0.225225225090981, 0.261261254549026, 0.297297298908234, 0.333333343267441, 0.369369357824326, 0.405405402183533, 0.432432442903519, 0.468468457460403, 0.495495498180389, 0.522522509098053, 0.540540516376495, 0.567567586898804, 0.585585594177246, 0.603603601455688, 0.630630612373352, 0.639639616012573, 0.648648619651794, 0.648648619651794, 0.630630612373352, 0.585585594177246, 0.549549520015717, 0.513513505458832, 0.477477490901947, 0.450450450181961, 0.414414405822754, 0.396396398544312, 0.396396398544312, 0.396396398544312, 0.414414405822754, 0.423423409461975, 0.44144144654274, 0.459459453821182, 0.477477490901947, 0.486486494541168, 0.513513505458832, 0.531531512737274, 0.549549520015717, 0.594594597816467, 0.621621608734131, 0.65765768289566, 0.684684693813324, 0.711711704730988, 0.747747719287872, 0.792792797088623, 0.828828811645508, 0.873873889446259, 0.900900900363922, 0.927927911281586, 0.963963985443115, 1.0, 1.0 ]
				}

			}
,
			"3" : 			{
				"id" : 3,
				"data" : 				{
					"live.button[2]" : [ 0.0 ],
					"yShift" : [ 0.38738739490509, 0.38738739490509, 0.396396398544312, 0.450450450181961, 0.522522509098053, 0.585585594177246, 0.594594597816467, 0.585585594177246, 0.558558583259583, 0.504504501819611, 0.459459453821182, 0.432432442903519, 0.423423409461975, 0.423423409461975, 0.423423409461975, 0.477477490901947, 0.531531512737274, 0.558558583259583, 0.567567586898804, 0.567567586898804, 0.549549520015717, 0.522522509098053, 0.513513505458832, 0.504504501819611, 0.495495498180389, 0.495495498180389, 0.495495498180389, 0.513513505458832, 0.540540516376495, 0.567567586898804, 0.594594597816467, 0.61261260509491, 0.61261260509491, 0.576576590538025, 0.540540516376495, 0.477477490901947, 0.44144144654274, 0.405405402183533, 0.405405402183533, 0.423423409461975, 0.432432442903519, 0.468468457460403, 0.504504501819611, 0.576576590538025, 0.630630612373352, 0.666666686534882, 0.666666686534882, 0.639639616012573, 0.585585594177246, 0.540540516376495, 0.495495498180389, 0.468468457460403, 0.450450450181961, 0.450450450181961, 0.468468457460403, 0.522522509098053, 0.585585594177246, 0.648648619651794, 0.666666686534882, 0.666666686534882, 0.65765768289566, 0.594594597816467, 0.513513505458832, 0.468468457460403 ]
				}

			}
,
			"4" : 			{
				"id" : 4,
				"data" : 				{
					"live.button[2]" : [ 0.0 ],
					"yShift" : [ 0.684684693813324, 0.639639616012573, 0.594594597816467, 0.531531512737274, 0.468468457460403, 0.621621608734131, 0.594594597816467, 0.549549520015717, 0.495495498180389, 0.459459453821182, 0.432432442903519, 0.675675690174103, 0.639639616012573, 0.61261260509491, 0.576576590538025, 0.540540516376495, 0.495495498180389, 0.450450450181961, 0.414414405822754, 0.603603601455688, 0.567567586898804, 0.531531512737274, 0.504504501819611, 0.450450450181961, 0.396396398544312, 0.369369357824326, 0.324324309825897, 0.585585594177246, 0.522522509098053, 0.486486494541168, 0.459459453821182, 0.432432442903519, 0.693693697452545, 0.639639616012573, 0.585585594177246, 0.540540516376495, 0.513513505458832, 0.432432442903519, 0.369369357824326, 0.648648619651794, 0.630630612373352, 0.61261260509491, 0.585585594177246, 0.549549520015717, 0.522522509098053, 0.423423409461975, 0.639639616012573, 0.585585594177246, 0.531531512737274, 0.468468457460403, 0.432432442903519, 0.396396398544312, 0.720720708370209, 0.666666686534882, 0.639639616012573, 0.558558583259583, 0.486486494541168, 0.459459453821182, 0.639639616012573, 0.603603601455688, 0.558558583259583, 0.522522509098053, 0.468468457460403, 0.378378391265869 ]
				}

			}
,
			"5" : 			{
				"id" : 5,
				"data" : 				{
					"live.button[2]" : [ 0.0 ],
					"yShift" : [ 0.666666686534882, 0.666666686534882, 0.666666686534882, 0.648648619651794, 0.639639616012573, 0.630630612373352, 0.61261260509491, 0.594594597816467, 0.585585594177246, 0.558558583259583, 0.540540516376495, 0.522522509098053, 0.513513505458832, 0.504504501819611, 0.486486494541168, 0.468468457460403, 0.44144144654274, 0.423423409461975, 0.414414405822754, 0.396396398544312, 0.378378391265869, 0.369369357824326, 0.360360354185104, 0.342342346906662, 0.333333343267441, 0.333333343267441, 0.315315306186676, 0.315315306186676, 0.315315306186676, 0.315315306186676, 0.315315306186676, 0.315315306186676, 0.315315306186676, 0.315315306186676, 0.315315306186676, 0.315315306186676, 0.315315306186676, 0.315315306186676, 0.315315306186676, 0.315315306186676, 0.324324309825897, 0.333333343267441, 0.342342346906662, 0.351351350545883, 0.360360354185104, 0.378378391265869, 0.38738739490509, 0.396396398544312, 0.414414405822754, 0.423423409461975, 0.44144144654274, 0.450450450181961, 0.468468457460403, 0.477477490901947, 0.495495498180389, 0.513513505458832, 0.531531512737274, 0.558558583259583, 0.567567586898804, 0.594594597816467, 0.61261260509491, 0.630630612373352, 0.639639616012573, 0.648648619651794 ]
				}

			}

		}

	}

}
