{
	"pattrstorage" : 	{
		"name" : "underworld-presets",
		"slots" : 		{
			"1" : 			{
				"id" : 1,
				"data" : 				{
					"yShift" : [ 0.5, 0.5, 0.5, 0.5, 0.5, 0.5, 0.5, 0.5, 0.5, 0.5, 0.5, 0.5, 0.5, 0.5, 0.5, 0.5, 0.5, 0.5, 0.5, 0.5, 0.5, 0.5, 0.5, 0.5, 0.5, 0.5, 0.5, 0.5, 0.5, 0.5, 0.5, 0.5, 0.5, 0.5, 0.5, 0.5, 0.5, 0.5, 0.5, 0.5, 0.5, 0.5, 0.5, 0.5, 0.5, 0.5, 0.5, 0.5, 0.5, 0.5, 0.5, 0.5, 0.5, 0.5, 0.5, 0.5, 0.5, 0.5, 0.5, 0.5, 0.5, 0.5, 0.5, 0.5 ],
					"live.button" : [  ],
					"live.button[1]" : [  ],
					"live.button[2]" : [  ]
				}

			}
,
			"2" : 			{
				"id" : 2,
				"data" : 				{
					"yShift" : [ 0.05405405536294, 0.05405405536294, 0.072072073817253, 0.090090088546276, 0.090090088546276, 0.10810811072588, 0.126126125454903, 0.135135129094124, 0.144144147634506, 0.162162154912949, 0.180180177092552, 0.198198199272156, 0.207207202911377, 0.243243247270584, 0.252252250909805, 0.261261254549026, 0.288288295269012, 0.297297298908234, 0.315315306186676, 0.324324309825897, 0.342342346906662, 0.360360354185104, 0.38738739490509, 0.396396398544312, 0.414414405822754, 0.432432442903519, 0.450450450181961, 0.463963955640793, 0.486486494541168, 0.495495498180389, 0.513513505458832, 0.531531512737274, 0.549549520015717, 0.567567586898804, 0.572072088718414, 0.576576590538025, 0.603603601455688, 0.621621608734131, 0.630630612373352, 0.639639616012573, 0.65765768289566, 0.675675690174103, 0.693693697452545, 0.702702701091766, 0.711711704730988, 0.72972971200943, 0.756756782531738, 0.774774789810181, 0.783783793449402, 0.801801800727844, 0.819819808006287, 0.837837815284729, 0.855855882167816, 0.873873889446259, 0.900900900363922, 0.918918907642365, 0.927927911281586, 0.954954981803894, 0.972972989082336, 0.981981992721558, 1.0, 1.0, 1.0, 0.0 ],
					"live.button" : [  ],
					"live.button[1]" : [  ],
					"live.button[2]" : [  ]
				}

			}
,
			"3" : 			{
				"id" : 3,
				"data" : 				{
					"yShift" : [ 0.090090088546276, 0.144144147634506, 0.189189195632935, 0.288288295269012, 0.360360354185104, 0.486486494541168, 0.585585594177246, 0.702702701091766, 0.774774789810181, 0.837837815284729, 0.873873889446259, 0.891891896724701, 0.88288289308548, 0.774774789810181, 0.630630612373352, 0.459459453821182, 0.378378391265869, 0.333333343267441, 0.261261254549026, 0.207207202911377, 0.171171173453331, 0.153153151273727, 0.144144147634506, 0.162162154912949, 0.252252250909805, 0.468468457460403, 0.666666686534882, 0.738738715648651, 0.84684681892395, 0.891891896724701, 0.873873889446259, 0.864864885807037, 0.801801800727844, 0.648648619651794, 0.468468457460403, 0.297297298908234, 0.234234228730202, 0.189189195632935, 0.162162154912949, 0.153153151273727, 0.153153151273727, 0.162162154912949, 0.189189195632935, 0.243243247270584, 0.288288295269012, 0.423423409461975, 0.549549520015717, 0.702702701091766, 0.783783793449402, 0.837837815284729, 0.88288289308548, 0.900900900363922, 0.918918907642365, 0.927927911281586, 0.84684681892395, 0.747747719287872, 0.639639616012573, 0.513513505458832, 0.396396398544312, 0.324324309825897, 0.252252250909805, 0.198198199272156, 0.144144147634506, 0.063063062727451 ],
					"live.button" : [  ],
					"live.button[1]" : [  ],
					"live.button[2]" : [  ]
				}

			}
,
			"4" : 			{
				"id" : 4,
				"data" : 				{
					"yShift" : [ 0.909909904003143, 0.88288289308548, 0.837837815284729, 0.819819808006287, 0.774774789810181, 0.738738715648651, 0.810810804367065, 0.738738715648651, 0.648648619651794, 0.585585594177246, 0.486486494541168, 0.405405402183533, 0.873873889446259, 0.819819808006287, 0.783783793449402, 0.738738715648651, 0.648648619651794, 0.603603601455688, 0.558558583259583, 0.504504501819611, 0.432432442903519, 0.315315306186676, 0.783783793449402, 0.65765768289566, 0.513513505458832, 0.396396398544312, 0.324324309825897, 0.270270258188248, 0.855855882167816, 0.945945918560028, 0.873873889446259, 0.810810804367065, 0.747747719287872, 0.639639616012573, 0.594594597816467, 0.486486494541168, 0.405405402183533, 0.792792797088623, 0.828828811645508, 0.756756782531738, 0.720720708370209, 0.675675690174103, 0.585585594177246, 0.459459453821182, 0.342342346906662, 0.333333343267441, 0.702702701091766, 0.774774789810181, 0.738738715648651, 0.702702701091766, 0.639639616012573, 0.585585594177246, 0.543543517589569, 0.501501500606537, 0.44144144654274, 0.378378391265869, 0.297297298908234, 0.216216221451759, 0.135135129094124, 0.630630612373352, 0.531531512737274, 0.486486494541168, 0.405405402183533, 0.378378391265869 ],
					"live.button" : [  ],
					"live.button[1]" : [  ],
					"live.button[2]" : [  ]
				}

			}
,
			"5" : 			{
				"id" : 5,
				"data" : 				{
					"yShift" : [ 0.945945918560028, 0.873873889446259, 0.819819808006287, 0.747747719287872, 0.702702701091766, 0.65765768289566, 0.61261260509491, 0.549549520015717, 0.504504501819611, 0.477477490901947, 0.450450450181961, 0.38738739490509, 0.369369357824326, 0.351351350545883, 0.324324309825897, 0.306306302547455, 0.288288295269012, 0.279279291629791, 0.252252250909805, 0.243243247270584, 0.234234228730202, 0.216216221451759, 0.198198199272156, 0.189189195632935, 0.180180177092552, 0.180180177092552, 0.180180177092552, 0.180180177092552, 0.180180177092552, 0.180180177092552, 0.180180177092552, 0.189189195632935, 0.189189195632935, 0.207207202911377, 0.207207202911377, 0.216216221451759, 0.225225225090981, 0.234234228730202, 0.243243247270584, 0.252252250909805, 0.261261254549026, 0.270270258188248, 0.288288295269012, 0.306306302547455, 0.315315306186676, 0.333333343267441, 0.351351350545883, 0.38738739490509, 0.405405402183533, 0.432432442903519, 0.459459453821182, 0.486486494541168, 0.531531512737274, 0.558558583259583, 0.594594597816467, 0.603603601455688, 0.639639616012573, 0.675675690174103, 0.711711704730988, 0.747747719287872, 0.783783793449402, 0.810810804367065, 0.873873889446259, 0.945945918560028 ],
					"live.button" : [  ],
					"live.button[1]" : [  ],
					"live.button[2]" : [  ]
				}

			}

		}

	}

}
